"Status","Start Time","Stop Time","Duration in ms","Parent Suite","Suite","Sub Suite","Test Class","Test Method","Name","Description"
"passed","Mon Oct 05 20:35:26 UTC 2026","Mon Oct 05 20:35:29 UTC 2026","2978","","C26_MultipleWindow","","C26_MultipleWindow","multipleWindowTest","multipleWindowTest()","Kullanıcı çoklu pencere (Popup) yönetimini test eder"
"passed","Mon Oct 05 20:35:29 UTC 2026","Mon Oct 05 20:35:32 UTC 2026","3810","","C27_ScreenRecord","","C27_ScreenRecord","videoRecordTest","videoRecordTest()","Kullanıcı işlemlerinin video kaydına alınması testi"
"passed","Mon Oct 05 20:36:18 UTC 2026","Mon Oct 05 20:36:21 UTC 2026","3492","","C30_AutomationExerciseSignUp_AllureReportV2","","C30_AutomationExerciseSignUp_AllureReportV2","test","test()","V2: Lambda fonksiyonları ile modüler hale getirilmiş E2E test senaryosu"
"passed","Mon Oct 05 20:36:14 UTC 2026","Mon Oct 05 20:36:18 UTC 2026","3782","","C29_AutomationExerciseSignUp","","C29_AutomationExerciseSignUp","signUpTest","signUpTest()","Faker kütüphanesi ile dinamik veri üreterek kayıt ve hesap silme testi"
"passed","Mon Oct 05 20:36:07 UTC 2026","Mon Oct 05 20:36:10 UTC 2026","3598","","C25_MultipleFileUpload","","C25_MultipleFileUpload","uploadTest","uploadTest()","Kullanıcı çoklu dosya yükleme testi"
"passed","Mon Oct 05 20:36:28 UTC 2026","Mon Oct 05 20:36:32 UTC 2026","3677","","C28_ScreenRecord_AllureReportV2","","C28_ScreenRecord_AllureReportV2","videoRecordTest","videoRecordTest()","V2: Lambda fonksiyonları ile geliştirilmiş, Sub-Step yapılı Video Kayıt Testi"
"passed","Mon Oct 05 20:35:21 UTC 2026","Mon Oct 05 20:35:26 UTC 2026","5119","","C33_WaitStrategies_AllureReportV1","","C33_WaitStrategies_AllureReportV1","WaitStrategiesTestV1","WaitStrategiesTestV1()","V1: allureStep metodu kullanılarak oluşturulan lineer bekleme stratejileri testi"
"passed","Mon Oct 05 20:36:32 UTC 2026","Mon Oct 05 20:36:35 UTC 2026","2834","","C31_Scroll_AllureReportV1","","C31_Scroll_AllureReportV1","scrollTest","scrollTest()","V1: allureStep kancası (hook) kullanılarak oluşturulan scroll testi"
"passed","Mon Oct 05 20:35:14 UTC 2026","Mon Oct 05 20:35:21 UTC 2026","6151","","C21_BaseTestKullanimi","","C21_BaseTestKullanimi","test","test()",""
"broken","Mon Oct 05 20:35:32 UTC 2026","Mon Oct 05 20:36:03 UTC 2026","30827","","C24_SingleFileUpload","","C24_SingleFileUpload","uploadTest","uploadTest()","Kullanıcı basit dosya yükleme testi"
"passed","Mon Oct 05 20:35:04 UTC 2026","Mon Oct 05 20:35:14 UTC 2026","10004","","C32_Scroll_AllureReportV2","","C32_Scroll_AllureReportV2","scrollTest","scrollTest()","Manuel scroll ile sayfa sonundaki footer alanı kontrol ediliyor."
"passed","Mon Oct 05 20:36:03 UTC 2026","Mon Oct 05 20:36:07 UTC 2026","3501","","C22_BaseTestKullanimi_ExtentReport","","C22_BaseTestKullanimi_ExtentReport","test","test()",""
"passed","Mon Oct 05 20:36:10 UTC 2026","Mon Oct 05 20:36:14 UTC 2026","3677","","C23_BaseTestKullanimi_AllureReport","","C23_BaseTestKullanimi_AllureReport","test","test()","Kullanıcı anasayfa başlık kontrolü testi"
"passed","Mon Oct 05 20:36:21 UTC 2026","Mon Oct 05 20:36:28 UTC 2026","6715","","C34_WaitStrategies_AllureReportV2","","C34_WaitStrategies_AllureReportV2","WaitStrategiesTest","WaitStrategiesTest()","Playwright'ın akıllı ve dinamik bekleme özelliklerini test eden kapsamlı senaryo"
